Study_Time,Attention_Span,Revision_Count,Mistakes,Sleep_Hours,Attendance,Math_Score,Physics_Score,Chemistry_Score,English_Score,CS_Score,Performance_Level
6,53,4,10,5.2,70,69,53,89,69,90,Medium
1,62,1,2,7.6,65,48,99,71,35,87,Medium
1,23,4,2,5.4,81,58,95,74,69,52,Medium
7,45,3,8,7.3,63,81,94,77,70,74,Medium
6,19,6,12,7.0,93,88,71,39,37,81,Medium
5,62,6,15,6.4,63,83,45,97,59,91,Medium
7,37,5,12,7.2,97,59,64,53,91,94,Medium
7,24,4,14,7.0,100,63,82,85,81,85,Medium
6,47,2,8,8.9,88,67,97,42,35,42,Low
6,56,3,12,8.5,81,100,78,98,39,54,Medium
7,51,5,6,5.5,80,43,36,100,65,43,Low
5,61,4,10,5.3,61,77,36,80,84,80,Medium
8,38,6,15,6.7,71,38,68,95,64,64,Medium
4,64,1,2,5.8,85,65,71,75,87,55,Medium
6,19,6,9,5.5,60,73,98,68,64,53,Medium
8,29,6,5,7.8,84,87,42,62,69,82,Medium
8,26,1,4,8.8,84,86,52,85,58,47,Medium
5,53,6,8,8.2,69,39,86,52,90,98,Medium
2,47,6,5,9.0,96,80,90,75,44,73,Medium
1,29,3,3,6.8,66,96,100,100,48,82,High
1,45,1,13,7.4,96,76,85,98,60,37,Medium
7,19,5,9,7.0,99,90,59,89,51,74,Medium
5,27,1,6,7.4,89,37,38,42,85,35,Low
3,35,1,8,5.1,67,56,96,35,47,88,Medium
7,63,5,11,8.0,86,86,91,67,78,94,High
2,37,2,12,7.0,65,39,85,91,56,87,Medium
7,23,6,8,7.8,96,60,43,39,63,72,Low
1,50,1,4,6.0,65,47,56,71,67,70,Medium
6,32,3,1,6.7,92,65,70,68,98,44,Medium
3,50,3,13,8.9,98,43,69,68,71,54,Medium
3,35,3,1,6.3,87,52,58,83,95,89,Medium
5,59,5,12,7.4,72,57,76,74,76,49,Medium
7,17,1,7,5.1,68,51,63,99,42,47,Medium
8,59,5,9,9.0,66,60,74,44,74,90,Medium
8,25,4,9,8.8,83,43,74,55,99,51,Medium
8,59,2,14,7.9,93,72,99,74,81,66,Medium
2,52,4,4,7.0,97,79,77,68,77,61,Medium
5,65,4,5,6.3,78,77,63,72,48,78,Medium
2,21,2,5,7.4,70,92,70,87,71,35,Medium
2,52,2,10,6.8,79,68,80,67,78,69,Medium
6,32,2,13,8.0,100,65,68,89,51,73,Medium
4,58,1,15,8.6,66,90,40,78,58,77,Medium
3,62,1,6,6.8,68,38,89,35,36,48,Low
5,63,6,4,8.0,100,39,75,96,36,87,Medium
6,31,6,4,7.5,68,36,58,67,79,45,Low
6,68,3,10,6.1,71,36,92,92,93,99,High
1,62,6,4,6.6,74,50,50,52,63,39,Low
4,55,1,3,7.1,70,85,86,74,51,55,Medium
3,42,3,5,8.4,87,96,85,67,93,57,Medium
4,21,6,7,6.7,64,60,37,93,38,60,Low
6,43,4,9,6.0,98,91,76,91,39,73,Medium
1,49,2,10,8.6,92,36,98,88,78,46,Medium
5,35,6,4,6.6,91,100,65,85,100,76,High
3,42,1,14,7.6,89,74,54,71,52,72,Medium
1,42,2,6,8.5,81,81,64,43,97,73,Medium
3,33,1,4,7.9,62,54,71,36,65,69,Low
8,69,5,6,7.0,69,65,81,92,63,65,Medium
7,29,5,8,6.1,87,58,85,49,44,48,Low
2,15,6,8,6.8,91,70,99,80,48,94,Medium
6,60,3,12,6.6,72,77,69,88,73,48,Medium
5,50,3,15,7.9,62,82,78,93,37,81,Medium
5,70,6,2,6.5,75,35,64,67,35,52,Low
7,67,5,14,5.6,81,89,40,70,40,37,Low
5,50,6,4,6.8,70,50,36,81,67,72,Medium
5,28,6,5,5.9,71,79,52,46,80,45,Medium
7,25,1,1,6.3,95,86,87,92,82,66,High
5,19,3,11,5.2,73,71,76,66,66,47,Medium
7,17,3,14,5.8,76,41,43,64,43,40,Low
1,64,2,8,6.3,99,90,40,76,99,91,Medium
3,24,1,8,6.8,96,83,83,72,89,84,High
6,52,5,2,7.6,81,43,55,44,75,95,Medium
6,38,4,1,5.1,98,49,47,88,68,64,Medium
8,27,4,9,8.0,60,81,83,73,64,36,Medium
1,22,1,14,7.6,76,64,62,39,42,86,Low
5,68,2,4,7.5,65,57,92,36,90,52,Medium
6,52,1,12,7.9,80,84,47,49,51,45,Low
3,29,4,15,7.0,78,84,35,56,93,97,Medium
6,36,6,9,6.9,80,95,46,40,57,81,Medium
1,66,6,5,7.4,83,84,43,88,96,44,Medium
3,26,1,2,7.1,96,43,52,62,55,53,Low
4,61,5,11,7.7,98,61,37,98,79,58,Medium
5,17,2,1,5.0,70,97,67,56,93,99,High
3,18,6,10,5.5,78,51,35,35,94,95,Medium
3,56,4,6,6.0,64,100,96,60,39,87,Medium
6,40,4,12,7.3,85,66,35,84,73,72,Medium
6,27,5,2,7.4,65,71,67,92,91,80,High
1,54,2,2,8.2,84,60,35,52,73,95,Medium
6,50,1,2,7.4,73,52,92,53,88,64,Medium
2,41,4,1,8.3,79,46,59,92,62,67,Medium
6,56,5,1,6.4,83,44,35,81,80,78,Medium
4,42,2,14,8.5,66,38,56,93,69,36,Low
2,35,3,7,7.0,61,66,82,48,40,72,Medium
6,24,6,8,5.3,62,85,66,89,92,36,Medium
4,15,5,13,7.4,90,60,70,57,100,77,Medium
3,46,4,4,6.3,77,59,41,64,45,54,Low
1,34,2,14,8.5,99,71,96,50,67,42,Medium
4,41,6,3,5.4,96,79,98,61,95,53,Medium
3,19,6,7,8.9,100,92,57,37,98,93,Medium
2,39,2,10,5.7,67,88,69,48,64,92,Medium
5,39,3,9,6.4,75,70,52,70,47,98,Medium
3,35,1,8,7.1,68,37,36,64,36,74,Low
3,46,3,11,8.3,84,82,82,41,96,82,Medium
4,57,1,8,5.3,87,61,58,87,96,86,Medium
8,51,6,3,8.9,74,78,35,46,40,55,Low
4,54,3,5,5.4,71,96,89,82,83,76,High
3,35,3,3,7.6,87,97,61,86,51,54,Medium
8,37,3,14,7.8,90,73,88,45,94,38,Medium
1,51,3,10,8.7,84,60,79,95,39,88,Medium
5,68,4,10,5.1,94,98,74,83,45,93,Medium
4,29,4,3,8.2,92,87,46,86,90,57,Medium
1,57,6,5,5.8,79,97,95,88,95,53,High
3,19,2,3,6.4,78,37,95,78,76,88,Medium
5,19,4,5,5.5,72,44,73,45,41,90,Low
6,57,5,4,5.6,79,40,75,58,91,72,Medium
2,19,1,4,5.4,84,51,69,47,73,43,Low
7,33,2,13,8.1,85,35,40,43,50,62,Low
4,66,4,13,8.0,76,63,48,84,40,51,Low
1,63,2,5,5.7,79,43,45,76,67,98,Medium
6,30,5,6,8.0,85,37,86,90,37,73,Medium
8,40,5,2,6.5,68,58,95,88,88,91,High
3,25,5,4,7.0,99,79,46,60,95,58,Medium
2,45,6,3,7.6,68,48,77,81,94,70,Medium
6,61,6,10,7.3,68,45,67,67,36,41,Low
4,67,4,1,8.0,97,46,56,70,55,79,Medium
1,35,4,8,5.7,69,61,97,37,70,62,Medium
4,67,5,4,6.3,86,99,77,53,36,41,Medium
2,28,5,1,7.9,98,87,57,71,93,84,Medium
5,53,2,9,6.7,71,84,36,90,89,100,Medium
1,66,6,7,6.7,67,59,76,66,73,68,Medium
7,19,1,5,8.7,99,37,37,65,50,98,Low
1,33,1,6,6.7,67,44,40,83,52,82,Medium
7,55,1,9,8.4,85,92,67,79,63,40,Medium
2,63,1,9,7.6,77,80,55,93,75,90,Medium
8,57,3,3,5.5,87,37,45,94,54,39,Low
7,58,4,14,8.9,82,99,65,89,60,86,Medium
6,38,4,2,8.7,72,60,61,93,98,86,Medium
1,57,3,7,6.4,96,85,35,68,97,89,Medium
1,20,4,5,6.2,82,95,93,71,70,63,Medium
3,36,6,11,7.4,97,100,96,36,41,97,Medium
2,61,6,9,7.0,64,52,71,87,45,82,Medium
7,20,5,2,5.8,88,92,93,72,53,64,Medium
8,69,3,5,7.3,66,70,44,50,89,59,Medium
6,19,2,15,5.4,63,89,43,94,80,64,Medium
5,39,1,12,5.8,94,68,87,61,44,89,Medium
3,33,4,13,5.0,74,90,90,41,92,70,Medium
5,29,4,7,8.8,94,68,88,52,41,42,Low
5,36,5,1,5.6,72,59,36,82,59,38,Low
5,44,5,10,7.4,77,35,91,86,76,41,Medium
5,23,3,2,6.0,82,37,72,90,76,52,Medium
7,68,4,14,8.7,81,45,98,96,49,83,Medium
7,51,5,3,5.6,91,79,67,59,63,87,Medium
6,33,3,3,6.9,86,54,59,68,42,48,Low
6,27,2,13,6.0,60,92,47,68,69,41,Medium
2,39,4,13,5.6,88,47,77,49,79,79,Medium
4,46,2,14,7.5,71,49,45,89,65,44,Low
5,52,1,12,9.0,98,87,56,42,42,47,Low
6,63,3,1,7.5,83,46,39,82,90,91,Medium
6,28,3,14,7.8,69,35,70,74,100,36,Medium
3,25,3,12,6.3,71,97,80,73,84,74,High
6,70,4,9,5.7,95,58,100,56,92,74,Medium
5,38,1,12,7.1,68,99,37,78,77,43,Medium
6,54,1,15,8.6,93,62,90,92,52,60,Medium
4,59,2,13,7.8,83,94,54,81,84,54,Medium
8,41,4,2,8.7,81,84,88,40,97,74,Medium
4,22,6,12,8.1,85,69,67,56,77,73,Medium
8,21,1,10,8.1,90,86,56,96,71,74,Medium
5,21,5,15,8.5,77,52,85,45,91,56,Medium
4,53,5,8,5.8,71,98,71,76,86,52,Medium
6,50,5,15,7.3,74,36,51,78,61,85,Medium
6,70,3,12,6.2,75,37,68,84,75,49,Medium
6,43,2,8,7.2,62,78,40,44,76,97,Medium
2,70,1,13,7.0,65,79,80,83,74,82,Medium
3,29,2,14,5.8,82,96,95,67,59,64,Medium
2,22,5,12,7.6,71,75,69,95,45,89,Medium
4,26,5,6,5.7,93,85,39,36,91,60,Medium
2,47,5,2,8.9,74,96,96,57,52,92,Medium
8,61,5,10,8.9,84,81,97,99,38,60,Medium
6,66,2,5,7.4,69,88,91,56,54,47,Medium
2,36,2,8,5.9,92,67,35,83,47,39,Low
8,16,1,3,5.3,63,64,41,67,82,83,Medium
7,52,1,13,7.6,72,61,69,56,92,37,Medium
5,65,5,3,6.0,99,54,93,35,55,43,Low
1,64,3,13,7.0,98,70,37,68,89,82,Medium
5,43,5,12,7.7,75,74,100,44,39,85,Medium
8,65,4,14,6.0,67,81,74,79,66,94,Medium
2,45,6,4,7.4,100,84,92,76,82,91,High
3,56,5,6,8.4,66,49,58,82,56,99,Medium
3,31,6,2,8.7,71,62,38,46,92,41,Low
8,30,4,7,5.4,94,44,62,67,63,48,Low
8,24,4,7,7.8,72,61,87,91,99,44,Medium
6,46,4,11,7.1,78,44,45,43,97,88,Medium
7,60,1,1,7.8,98,62,42,43,63,46,Low
1,29,2,7,5.5,94,48,84,38,96,51,Medium
5,40,2,6,8.6,77,96,58,35,81,51,Medium
6,57,1,15,6.7,71,85,58,94,41,61,Medium
7,56,5,7,8.5,73,57,39,60,49,43,Low
7,38,4,10,5.6,99,86,37,97,80,57,Medium
1,47,6,3,5.4,94,77,72,98,49,39,Medium
1,26,2,5,6.9,79,61,55,40,50,47,Low
4,53,6,13,8.8,96,54,76,72,88,44,Medium
5,18,2,6,5.3,61,96,73,88,37,52,Medium
7,60,6,7,7.0,62,49,96,41,51,97,Medium
1,52,3,9,5.5,66,52,62,59,47,77,Low
5,49,2,14,9.0,77,75,92,97,97,60,High
7,51,1,13,5.3,83,95,45,62,49,42,Low
7,30,5,1,8.7,83,70,76,98,37,77,Medium
1,52,1,13,6.5,61,66,80,98,87,58,Medium
6,50,4,14,8.6,89,93,77,87,53,83,Medium
3,68,1,9,7.8,75,99,67,83,88,84,High
8,23,2,7,8.0,96,83,48,96,51,83,Medium
2,16,4,15,7.9,96,95,89,97,88,39,High
8,43,2,1,7.3,89,62,88,89,80,98,High
4,32,3,1,6.4,62,77,74,75,71,80,Medium
1,33,6,3,7.1,66,52,61,57,98,65,Medium
6,70,1,7,5.4,75,43,58,92,93,91,Medium
8,49,6,4,7.0,85,71,42,47,44,75,Low
2,52,4,15,8.7,67,78,80,78,90,88,High
3,61,1,4,5.6,94,50,57,39,86,39,Low
1,27,4,12,6.9,60,99,62,89,81,59,Medium
7,19,6,8,8.4,85,52,71,45,57,81,Medium
7,59,4,14,6.5,86,47,40,41,57,63,Low
3,21,4,15,6.6,81,66,86,48,73,60,Medium
1,50,4,10,5.4,81,61,95,94,89,91,High
8,61,1,6,6.2,84,61,99,48,43,44,Low
5,58,3,4,5.1,85,74,70,84,89,58,Medium
2,28,4,13,7.8,69,41,35,96,81,85,Medium
5,15,3,6,7.3,63,77,76,38,48,45,Low
6,37,6,14,6.9,81,79,37,62,53,78,Medium
4,66,6,3,7.1,97,83,58,55,66,47,Medium
6,19,4,12,5.3,64,66,84,59,35,95,Medium
5,21,1,9,8.0,86,94,80,93,71,58,Medium
8,25,4,9,8.4,92,66,83,96,63,51,Medium
4,55,2,6,8.8,98,53,56,56,84,64,Medium
6,57,3,1,6.0,67,80,82,90,43,89,Medium
7,45,2,3,6.2,88,78,64,38,82,69,Medium
3,56,3,6,6.7,98,47,38,50,83,93,Medium
4,47,2,3,5.0,86,93,73,47,99,68,Medium
1,54,4,13,6.9,98,87,72,78,44,35,Medium
1,58,1,4,8.0,68,79,71,41,82,75,Medium
8,55,1,9,6.3,70,66,39,87,70,42,Medium
6,48,3,1,5.5,96,99,51,96,40,71,Medium
8,35,2,10,8.0,90,52,77,80,73,97,Medium
2,34,1,5,5.2,71,89,95,35,72,58,Medium
6,37,2,2,5.1,66,72,66,48,63,55,Medium
6,65,2,15,8.0,74,36,49,47,71,56,Low
3,26,4,15,5.5,74,72,94,45,39,63,Medium
4,24,1,7,5.4,77,94,59,91,37,93,Medium
8,47,6,2,6.5,75,57,78,47,70,61,Medium
1,34,2,11,5.7,94,50,69,48,78,73,Medium
3,16,6,1,8.8,94,77,71,46,93,97,Medium
1,31,5,1,6.9,97,93,90,49,56,62,Medium
6,52,3,2,8.9,74,74,76,66,92,78,Medium
2,63,6,10,7.2,89,69,80,52,51,96,Medium
5,42,4,9,8.7,68,41,47,82,97,88,Medium
8,21,4,5,8.5,87,88,45,90,55,99,Medium
6,45,5,6,5.3,75,78,45,45,62,92,Medium
6,46,6,9,8.6,80,96,70,37,68,49,Medium
8,20,4,14,8.4,64,67,43,59,52,85,Medium
8,48,3,11,8.0,70,39,71,46,81,63,Medium
8,59,3,8,6.6,95,38,73,38,43,41,Low
6,22,3,6,6.9,65,62,53,35,74,55,Low
6,58,5,3,7.7,75,66,49,97,75,54,Medium
1,34,6,6,5.1,72,92,87,97,87,77,High
2,30,2,8,6.5,60,59,54,79,43,38,Low
6,33,5,13,6.3,90,65,36,62,49,85,Low
1,30,1,11,6.2,79,48,72,81,45,97,Medium
5,21,4,2,8.6,61,91,68,48,48,87,Medium
3,24,1,7,6.2,85,63,47,92,84,59,Medium
7,30,4,7,7.5,97,58,60,45,100,86,Medium
7,21,5,6,5.6,95,37,62,75,41,71,Low
3,66,6,2,6.9,82,87,84,66,59,57,Medium
6,40,5,15,6.6,69,79,51,80,70,54,Medium
8,19,6,15,8.7,65,73,48,54,86,72,Medium
2,39,6,10,8.2,93,58,53,93,65,91,Medium
1,44,3,6,6.3,92,37,75,74,86,56,Medium
7,27,4,8,7.5,75,55,76,82,72,44,Medium
5,70,6,6,8.3,79,62,42,90,46,93,Medium
4,50,1,10,5.3,61,38,59,86,94,83,Medium
1,33,1,4,6.1,66,56,65,93,99,75,Medium
6,27,1,11,5.9,93,77,78,81,66,99,High
8,58,2,10,6.7,64,71,57,41,46,58,Low
4,38,1,8,5.2,66,77,73,66,64,95,Medium
6,47,4,13,6.6,92,68,62,76,80,89,Medium
3,49,5,13,7.4,95,62,90,100,76,59,Medium
2,61,3,1,7.9,93,96,80,69,39,44,Medium
7,28,2,15,8.3,93,64,40,87,61,35,Low
1,23,3,5,9.0,60,38,83,46,61,83,Medium
1,62,4,6,6.0,62,91,42,87,76,77,Medium
5,21,1,6,6.8,72,99,87,85,72,86,High
4,44,3,11,5.6,80,62,97,42,77,69,Medium
5,66,4,8,5.0,98,38,59,92,60,68,Medium
3,26,1,9,8.9,79,49,37,97,93,53,Medium
7,25,4,9,8.9,80,36,45,87,73,98,Medium
8,34,3,15,7.3,83,93,71,98,61,47,Medium
2,59,5,9,5.0,77,59,87,98,38,50,Medium
5,35,2,5,5.2,65,88,91,51,82,45,Medium
5,17,3,15,5.2,84,54,83,46,78,89,Medium
3,32,4,7,8.7,97,97,76,93,40,94,High
4,15,6,8,7.9,77,54,56,63,87,46,Medium
2,61,4,8,8.3,95,100,87,94,88,72,High
1,32,1,6,5.0,77,70,97,44,59,54,Medium
8,40,1,8,8.9,86,52,84,66,56,59,Medium
3,68,3,9,6.2,72,53,78,87,44,37,Low
2,21,4,14,8.8,82,39,59,80,100,77,Medium
5,38,4,7,8.4,62,37,74,94,57,56,Medium
2,62,6,13,8.6,95,90,41,55,53,35,Low
5,53,6,10,6.4,87,44,35,57,55,38,Low
5,69,4,14,6.6,68,66,96,43,95,52,Medium
7,62,5,8,6.7,60,57,75,74,58,73,Medium
3,22,4,9,5.4,69,65,97,97,79,52,Medium
2,33,6,8,7.4,67,51,42,93,55,51,Low
7,21,1,3,7.6,90,85,99,99,95,79,High
2,52,1,15,6.7,60,41,76,55,80,87,Medium
1,55,1,12,8.2,62,88,45,53,61,87,Medium
1,22,4,8,7.1,84,43,85,97,83,62,Medium
1,55,4,9,7.5,72,88,72,66,57,40,Medium
6,60,1,11,8.2,61,57,77,40,93,79,Medium
5,17,5,9,5.3,64,77,80,85,43,41,Medium
7,28,3,6,5.3,64,97,54,86,91,67,Medium
3,53,1,4,6.8,76,45,45,45,50,43,Low
2,43,5,10,8.9,96,42,46,71,82,80,Medium
2,60,5,2,8.3,60,68,98,51,69,89,Medium
8,15,4,2,6.3,87,73,51,66,89,45,Medium
4,50,6,15,8.9,84,45,69,71,75,83,Medium
3,24,2,5,8.6,70,35,61,87,42,63,Low
8,25,2,1,7.5,77,60,96,94,56,81,Medium
5,33,5,6,7.4,79,50,60,60,94,66,Medium
5,30,3,15,6.6,65,99,99,56,83,61,Medium
1,64,5,9,7.7,98,44,67,36,37,76,Low
6,36,6,2,8.2,86,97,97,48,65,69,Medium
4,57,4,15,5.0,94,37,73,90,50,55,Medium
5,49,1,2,7.0,70,42,46,42,61,58,Low
7,15,4,11,6.8,88,35,90,80,61,57,Medium
6,25,6,11,6.4,83,78,94,79,71,67,Medium
8,55,2,8,6.0,95,66,63,82,41,41,Low
8,53,3,4,6.1,85,95,56,41,77,85,Medium
7,58,1,14,8.2,70,45,91,86,97,50,Medium
5,19,1,2,8.5,70,71,59,41,74,66,Medium
6,44,4,12,7.6,65,55,72,98,39,44,Medium
8,68,2,12,5.8,69,46,51,36,79,63,Low
8,15,3,10,5.3,97,63,53,39,80,36,Low
2,27,1,9,6.9,98,94,35,54,53,35,Low
5,32,5,8,6.5,92,48,85,77,91,97,Medium
2,69,1,2,7.8,73,67,92,36,82,88,Medium
5,67,2,9,5.6,88,44,64,55,72,76,Medium
6,40,3,11,8.2,94,79,79,80,52,99,Medium
5,69,4,8,5.9,77,64,78,92,42,41,Medium
6,66,3,2,7.1,83,85,75,44,41,42,Low
7,37,1,10,5.3,95,89,66,68,84,80,Medium
4,16,6,11,8.6,69,81,35,56,44,85,Medium
3,68,3,4,5.4,95,55,93,91,56,53,Medium
5,23,4,11,8.9,89,55,68,80,73,93,Medium
5,34,1,6,8.1,67,71,85,46,53,60,Medium
3,70,3,13,7.6,87,68,69,36,82,45,Medium
1,32,2,3,8.1,81,63,56,96,83,79,Medium
3,36,3,14,6.3,81,76,82,87,71,58,Medium
7,67,3,14,5.7,60,87,45,39,91,86,Medium
1,36,3,2,8.4,63,47,77,96,96,76,Medium
5,45,4,5,6.3,87,49,49,60,52,66,Low
7,33,2,2,6.6,60,71,45,73,52,55,Low
4,43,5,1,8.3,74,67,77,39,77,76,Medium
1,19,1,7,5.4,62,98,93,98,81,42,High
5,51,2,13,8.5,100,62,54,36,49,98,Low
5,33,1,6,8.8,61,45,60,59,97,57,Medium
6,17,1,9,8.3,99,52,70,79,60,47,Medium
7,35,2,1,7.0,80,46,45,90,51,91,Medium
6,62,3,15,7.6,62,56,98,76,60,67,Medium
3,52,4,12,7.2,100,98,48,45,59,36,Low
2,56,2,2,6.7,68,48,90,52,41,39,Low
2,61,5,15,8.8,67,63,76,52,94,99,Medium
3,53,6,11,7.5,84,46,38,90,35,41,Low
2,22,4,11,7.0,64,42,90,80,51,49,Medium
5,33,6,15,8.1,90,83,68,52,48,71,Medium
1,53,3,8,6.7,72,77,56,55,66,87,Medium
1,39,5,14,6.1,86,86,91,95,89,55,High
4,51,3,7,5.6,76,90,43,59,65,77,Medium
4,42,3,11,8.0,64,81,100,87,97,50,High
1,45,5,8,7.2,72,88,47,40,47,38,Low
6,64,4,12,7.1,87,52,40,42,38,70,Low
4,50,5,4,5.6,79,37,87,69,43,49,Low
1,57,6,6,6.9,90,91,42,76,73,42,Medium
8,35,6,9,7.4,75,42,57,91,73,58,Medium
1,21,5,7,6.8,64,74,70,68,96,48,Medium
5,41,6,7,7.0,94,63,93,63,58,88,Medium
3,43,4,12,7.5,60,62,49,68,81,57,Medium
5,18,6,5,7.3,85,46,78,52,97,77,Medium
4,36,2,12,5.9,69,45,66,77,95,60,Medium
2,27,3,11,6.9,97,67,56,91,96,84,Medium
4,43,2,10,5.7,77,82,40,46,52,36,Low
3,59,6,8,7.5,90,77,83,75,73,47,Medium
2,63,1,14,5.6,75,77,40,74,90,90,Medium
2,56,3,2,8.9,87,94,46,82,38,49,Medium
7,39,2,2,9.0,80,60,57,85,63,50,Medium
6,40,2,2,8.0,67,88,51,67,93,97,Medium
2,65,5,2,8.7,99,65,54,66,72,62,Medium
1,47,5,15,7.1,97,70,63,56,38,89,Medium
2,29,2,8,8.3,76,90,57,54,63,47,Medium
6,51,2,4,5.7,72,56,66,87,35,47,Low
2,34,3,6,7.2,73,64,98,57,61,99,Medium
4,32,6,10,6.7,63,80,44,73,72,47,Medium
1,30,3,14,5.3,76,60,40,69,43,56,Low
8,68,1,15,7.9,71,66,43,69,49,48,Low
1,54,3,11,8.0,96,77,62,76,88,48,Medium
5,32,3,7,7.2,62,61,37,81,90,77,Medium
4,59,3,8,8.9,81,60,39,76,73,91,Medium
7,70,4,2,7.7,74,79,43,97,80,41,Medium
8,18,2,13,7.0,78,43,93,67,51,35,Low
5,66,4,5,8.6,99,90,83,89,52,77,Medium
5,26,3,15,6.7,61,57,69,43,100,59,Medium
3,15,2,2,5.6,93,42,66,57,85,92,Medium
6,40,3,15,5.5,65,44,100,57,70,66,Medium
7,22,1,8,5.3,82,78,53,55,44,73,Medium
7,39,1,5,7.9,96,40,42,90,70,49,Low
7,43,3,15,7.9,63,53,83,88,52,62,Medium
3,68,4,7,8.4,64,64,85,98,82,60,Medium
8,37,5,2,6.2,80,38,73,96,47,45,Low
1,34,1,3,8.9,69,40,48,57,64,68,Low
7,26,4,10,8.7,96,61,40,86,50,46,Low
1,42,1,3,7.9,61,66,95,65,38,68,Medium
7,45,2,3,6.6,67,98,93,78,75,43,Medium
3,34,6,11,8.9,97,78,82,73,92,42,Medium
8,28,4,8,7.3,96,95,40,99,42,84,Medium
5,16,1,8,5.5,65,85,91,43,61,65,Medium
6,26,6,9,5.1,98,68,80,68,63,60,Medium
7,17,3,5,5.3,96,95,58,52,50,87,Medium
1,17,6,1,7.5,77,60,54,59,42,91,Medium
6,19,1,12,8.3,90,48,94,54,62,88,Medium
3,60,1,6,5.8,66,91,84,99,45,71,Medium
3,18,6,1,5.5,92,85,94,98,97,58,High
1,28,5,11,6.4,65,74,36,55,51,93,Medium
6,28,1,6,8.4,93,85,73,42,59,85,Medium
8,16,3,2,7.4,79,36,56,46,65,64,Low
2,46,4,1,5.9,80,39,56,79,81,78,Medium
8,64,5,4,6.5,98,60,37,62,90,43,Low
7,65,5,2,7.8,95,80,91,35,88,98,Medium
2,58,3,1,6.0,81,70,40,63,35,93,Medium
3,22,3,3,7.8,63,52,45,90,100,57,Medium
2,42,6,15,6.6,77,67,80,46,53,47,Low
5,43,4,8,5.2,83,64,80,39,75,40,Low
8,26,2,12,5.9,76,97,71,45,91,54,Medium
7,58,1,10,7.8,83,84,57,50,82,73,Medium
4,69,1,6,7.4,68,99,56,88,60,50,Medium
1,60,5,3,6.1,90,95,53,99,53,49,Medium
6,62,6,2,8.8,99,60,63,95,51,48,Medium
1,38,5,15,6.1,70,71,41,97,55,94,Medium
1,65,6,11,8.9,60,71,85,50,70,89,Medium
5,60,4,7,8.1,82,58,40,35,85,51,Low
4,31,6,15,8.4,80,81,95,80,99,49,High
7,69,1,3,8.1,68,82,70,59,42,51,Medium
1,35,6,15,5.4,65,38,44,59,70,68,Low
4,70,4,3,8.1,99,85,54,70,100,55,Medium
3,33,5,4,6.0,90,44,93,79,82,43,Medium
3,43,5,9,7.0,70,83,54,36,54,81,Medium
8,58,5,1,7.4,78,57,60,94,59,83,Medium
5,52,5,14,7.1,84,43,79,67,99,59,Medium
5,28,2,11,7.6,79,89,55,68,80,59,Medium
5,52,6,3,5.5,89,63,61,82,77,80,Medium
4,37,3,9,6.0,70,83,46,40,50,41,Low
6,21,2,5,5.4,97,68,68,63,84,86,Medium
3,45,6,15,7.0,90,58,93,67,51,100,Medium
1,22,5,12,6.9,61,73,53,75,35,56,Low
6,67,3,3,6.5,75,87,78,68,65,72,Medium
2,33,5,15,8.0,87,82,81,98,47,61,Medium
8,48,1,11,8.3,64,67,51,51,91,66,Medium
2,44,6,11,6.8,76,81,88,53,52,41,Medium
5,60,5,7,7.5,99,72,76,88,99,65,High
3,67,6,5,6.1,75,66,70,76,72,69,Medium
8,26,6,4,6.2,99,50,63,96,83,86,Medium
8,35,3,4,7.7,86,78,83,56,36,40,Low
6,45,6,11,7.0,68,51,43,87,45,62,Low
3,66,2,2,8.2,64,66,70,52,61,71,Medium
1,66,4,2,6.7,81,66,62,69,46,85,Medium
8,48,6,5,5.8,70,60,98,63,82,90,Medium
2,59,1,5,7.1,95,94,54,79,63,58,Medium
6,21,1,2,6.5,86,100,98,59,40,47,Medium
1,34,6,12,8.9,84,75,88,84,84,71,High
8,62,4,2,6.5,86,73,66,62,35,96,Medium
7,32,6,10,5.5,97,65,37,67,59,86,Medium
4,65,3,3,6.1,92,60,69,39,49,74,Low
7,49,5,8,6.5,64,88,56,95,91,92,High
7,62,5,10,5.6,69,98,70,47,76,39,Medium
3,24,6,6,7.7,94,95,37,93,38,46,Medium
8,21,5,4,8.4,89,38,77,60,43,93,Medium
6,53,3,4,8.0,80,71,57,65,79,89,Medium
6,30,1,10,7.9,76,79,47,35,74,63,Low
4,51,1,9,9.0,69,71,69,79,93,61,Medium
8,31,5,7,8.4,90,86,74,59,54,58,Medium
4,43,2,15,5.8,74,96,98,84,95,71,High
1,57,5,2,8.5,94,44,85,97,50,51,Medium
5,32,3,13,8.1,70,39,46,65,45,86,Low
4,16,3,12,8.4,90,36,58,41,35,55,Low
2,16,4,12,5.4,82,84,57,62,44,54,Medium
2,53,6,8,5.6,70,81,74,97,85,94,High
3,27,1,12,7.7,88,38,84,69,75,85,Medium
4,27,3,15,8.8,73,78,80,77,47,99,Medium
2,63,1,11,5.3,81,64,84,63,76,66,Medium
7,27,5,3,6.1,88,86,79,53,47,83,Medium
7,23,1,13,6.7,62,47,75,66,100,83,Medium
5,68,5,7,7.8,70,92,97,55,48,68,Medium
3,24,5,13,7.1,74,57,100,38,36,38,Low
7,33,3,8,8.1,60,82,35,84,42,73,Medium
1,37,1,4,6.5,90,63,37,76,45,63,Low
8,23,4,10,8.9,80,75,74,79,68,44,Medium
6,58,2,7,5.7,80,59,63,70,89,61,Medium
2,54,5,9,8.8,76,94,67,63,48,63,Medium
6,34,5,1,7.7,72,96,84,39,90,59,Medium
6,25,6,1,7.3,77,80,56,81,37,55,Medium
4,18,6,7,5.3,79,60,92,43,47,54,Low
3,38,6,10,6.9,73,84,91,62,93,69,Medium
7,68,4,9,7.5,76,52,64,77,97,74,Medium
4,66,5,3,5.2,93,40,86,65,37,46,Low
2,23,4,9,6.8,98,47,66,55,94,92,Medium
2,45,6,13,6.8,65,50,57,38,95,74,Medium
2,33,5,5,5.0,82,37,55,76,89,58,Medium
1,36,6,13,8.1,89,56,95,72,57,45,Medium
6,25,2,12,5.8,83,100,58,39,46,97,Medium
2,67,2,1,7.4,74,62,59,69,98,46,Medium
7,59,3,4,8.3,69,69,90,38,39,68,Medium
2,43,2,13,7.8,83,94,37,38,54,94,Medium
8,24,5,10,5.6,73,73,51,82,44,63,Medium
4,56,1,1,7.3,70,84,50,80,36,72,Medium
3,19,6,1,6.2,77,68,38,38,56,64,Low
4,25,3,7,6.0,87,35,43,59,92,92,Medium
3,62,3,12,8.0,98,66,48,61,55,60,Low
3,26,5,15,8.2,77,46,98,93,57,83,Medium
4,41,1,11,6.8,93,53,84,94,53,85,Medium
7,33,5,10,6.6,85,62,40,48,73,45,Low
6,32,4,12,5.1,66,75,56,79,80,43,Medium
6,15,5,10,7.6,98,75,82,63,67,59,Medium
6,66,3,1,8.5,96,76,94,99,97,52,High
3,58,6,11,7.3,87,46,96,68,41,73,Medium
1,48,2,13,8.8,61,66,83,69,40,75,Medium
5,63,5,9,5.2,95,94,72,99,56,47,Medium
4,68,5,4,7.7,79,87,69,65,44,59,Medium
2,21,1,12,6.9,74,64,47,44,63,84,Medium
2,41,2,15,7.5,94,72,88,96,49,95,High
6,29,5,7,7.4,85,75,74,85,88,52,Medium
7,70,2,6,7.5,81,99,77,45,62,70,Medium
1,63,4,4,6.3,72,98,96,38,60,71,Medium
6,48,2,11,6.0,71,51,77,89,47,91,Medium
8,53,3,10,8.6,88,81,87,39,50,84,Medium
4,16,1,2,6.8,60,51,47,35,62,72,Low
4,67,2,2,7.5,69,83,64,86,55,45,Medium
8,23,1,10,6.8,84,77,35,84,63,86,Medium
1,48,4,14,6.3,99,51,92,61,72,41,Medium
8,53,4,10,5.6,100,81,82,75,37,44,Medium
4,46,3,13,5.6,99,74,48,78,53,54,Medium
5,45,4,8,7.0,86,87,46,82,60,63,Medium
2,67,6,1,7.3,90,42,80,90,62,78,Medium
7,42,2,3,8.1,81,68,58,97,84,36,Medium
2,26,1,1,8.5,75,96,45,84,66,36,Medium
2,29,2,12,8.7,78,40,96,61,85,97,Medium
8,29,4,13,8.0,98,89,79,45,71,49,Medium
7,57,3,11,5.3,93,55,37,55,61,35,Low
4,36,2,9,6.7,76,67,36,58,35,90,Low
4,52,5,3,7.5,94,39,53,96,42,42,Low
7,69,6,14,7.4,62,61,95,50,57,52,Medium
1,60,6,5,6.1,76,51,93,59,63,88,Medium
6,35,1,13,7.9,82,67,56,90,64,56,Medium
4,19,1,6,8.3,79,69,93,53,80,51,Medium
3,27,4,8,5.6,85,100,57,89,72,49,Medium
5,28,4,9,5.5,98,44,66,88,78,60,Medium
6,34,3,15,8.5,93,85,68,44,97,77,Medium
4,47,2,1,6.0,93,46,95,79,49,54,Medium
1,39,2,4,6.4,77,51,77,66,47,91,Medium
7,54,2,5,6.4,64,58,72,50,57,77,Medium
1,34,4,8,7.8,77,57,86,100,42,80,Medium
8,29,3,10,8.0,97,75,64,95,45,76,Medium
7,66,4,2,5.3,78,94,100,35,49,81,Medium
8,36,2,3,7.4,75,69,96,43,49,68,Medium
6,50,4,2,7.5,81,81,91,47,53,40,Medium
7,56,1,15,5.2,75,96,82,92,71,88,High
7,49,6,13,7.2,75,63,62,91,74,79,Medium
4,17,2,3,8.4,64,72,100,60,55,48,Medium
4,53,1,9,5.9,81,60,40,74,85,41,Medium
8,31,6,6,7.1,70,88,43,96,73,69,Medium
6,44,2,4,8.3,97,45,74,37,72,60,Low
2,68,3,14,7.7,67,79,42,78,79,81,Medium
8,66,6,12,7.9,63,57,55,97,69,54,Medium
5,30,3,3,6.9,65,43,82,91,90,54,Medium
4,41,5,2,7.5,60,81,93,69,40,72,Medium
1,35,5,5,5.7,72,92,86,49,89,59,Medium
4,27,5,3,6.2,92,79,83,88,86,85,High
5,61,4,8,6.9,80,70,63,86,77,94,Medium
7,18,3,11,6.8,97,92,38,47,38,73,Low
1,45,3,2,8.7,65,40,88,87,72,38,Medium
5,27,5,12,6.7,83,99,45,72,100,80,Medium
1,67,4,5,5.5,61,82,82,43,72,75,Medium
3,53,5,6,7.1,93,67,53,91,63,99,Medium
5,36,3,1,7.8,86,77,36,38,87,90,Medium
8,60,5,14,5.6,66,90,75,91,46,47,Medium
3,62,3,6,7.7,64,43,46,40,76,71,Low
8,35,1,10,8.3,73,91,59,85,80,75,Medium
8,68,5,8,6.6,68,75,84,66,44,53,Medium
5,22,4,2,8.8,96,47,88,96,48,55,Medium
5,21,3,2,7.1,69,91,61,87,89,76,High
4,35,5,10,8.8,69,99,55,70,86,85,Medium
2,69,5,14,7.4,87,35,86,47,40,94,Medium
3,35,1,8,6.5,87,42,41,68,56,90,Low
4,60,3,10,8.2,78,92,83,39,89,64,Medium
3,60,6,10,6.6,93,97,95,67,85,82,High
8,22,5,2,7.1,70,68,83,96,43,58,Medium
4,61,2,15,6.7,94,38,69,40,51,84,Low
3,29,6,6,7.9,96,51,59,88,78,100,Medium
6,16,1,13,8.1,93,90,59,35,46,92,Medium
7,24,5,11,7.7,68,81,48,72,99,66,Medium
7,15,2,15,5.4,83,90,56,66,72,96,Medium
6,35,6,2,6.6,84,76,81,53,87,41,Medium
4,41,3,12,7.2,74,46,41,97,42,72,Low
6,61,1,1,6.0,90,74,92,42,92,48,Medium
6,23,2,4,7.4,64,54,83,72,53,57,Medium
3,43,4,8,8.4,77,93,53,93,96,37,Medium
2,53,3,13,7.7,78,88,79,46,62,68,Medium
8,47,5,3,6.0,67,61,42,66,80,95,Medium
8,57,4,4,6.7,97,60,96,78,35,95,Medium
2,54,4,3,9.0,91,98,44,38,75,75,Medium
3,61,4,11,5.1,60,54,58,100,55,90,Medium
7,49,2,15,5.2,92,46,91,53,38,54,Low
4,60,5,2,5.7,87,43,99,45,47,44,Low
1,22,5,5,5.5,95,48,98,41,36,36,Low
3,41,5,14,6.4,92,73,92,92,94,81,High
5,26,6,14,6.7,88,62,72,36,40,37,Low
2,40,5,1,6.2,77,93,55,42,54,57,Medium
1,42,5,9,5.4,76,87,53,78,70,100,Medium
8,51,2,14,7.4,64,92,47,48,44,99,Medium
8,42,5,15,8.4,67,40,93,94,93,68,Medium
7,50,6,12,7.7,76,48,36,37,73,43,Low
2,37,2,11,6.3,91,50,81,78,97,99,High
3,42,5,10,5.7,84,66,79,76,67,98,Medium
5,43,6,12,7.2,85,40,41,66,58,84,Low
5,24,1,14,7.2,77,43,40,47,71,38,Low
8,37,3,7,8.7,97,43,98,90,70,67,Medium
6,40,1,11,8.1,89,37,60,44,83,99,Medium
8,61,3,11,6.7,78,50,70,93,73,87,Medium
4,49,1,11,5.3,98,100,85,76,55,36,Medium
3,36,3,6,7.1,78,66,35,91,51,75,Medium
4,51,6,3,8.1,67,76,87,89,55,67,Medium
1,16,1,7,7.8,68,72,67,51,96,93,Medium
7,19,2,13,8.4,89,96,100,98,96,40,High
5,35,5,14,7.2,62,60,46,44,71,61,Low
2,67,4,7,5.6,74,78,62,75,63,63,Medium
6,20,6,6,6.4,94,69,96,50,48,96,Medium
4,20,1,5,5.8,97,78,97,85,100,70,High
3,19,6,13,7.1,95,43,82,76,51,75,Medium
3,37,3,8,8.3,91,60,66,46,93,85,Medium
5,36,5,1,5.7,64,46,75,96,88,60,Medium
3,53,4,7,5.0,84,50,75,96,42,52,Medium
4,69,2,13,5.2,94,81,40,97,35,46,Low
1,47,3,5,7.8,89,79,77,38,100,45,Medium
1,18,6,8,5.3,84,69,74,88,53,86,Medium
4,18,2,2,5.5,74,66,49,91,63,72,Medium
5,32,2,2,8.8,62,84,71,54,72,46,Medium
1,58,1,14,7.2,62,78,65,100,42,79,Medium
6,23,5,4,5.0,80,57,99,49,76,55,Medium
2,44,4,12,5.0,73,86,49,73,56,45,Medium
8,39,1,6,7.6,68,56,39,88,40,90,Medium
4,40,2,10,7.7,61,40,47,47,45,41,Low
8,33,4,14,8.0,97,89,73,64,70,38,Medium
5,68,6,6,6.1,73,66,62,75,90,52,Medium
5,28,1,4,5.5,77,78,35,51,58,55,Low
2,67,3,1,6.7,71,69,66,72,48,55,Medium
7,53,3,9,5.4,73,65,63,90,48,39,Medium
6,57,2,10,6.8,63,95,97,45,43,94,Medium
8,62,5,10,6.8,99,51,69,80,98,51,Medium
7,17,4,9,8.2,62,82,90,74,61,82,Medium
5,56,6,10,8.8,72,70,98,59,59,38,Medium
2,22,5,3,8.1,82,43,64,44,36,75,Low
8,37,1,7,6.5,85,58,63,82,49,66,Medium
5,26,1,1,5.5,67,37,84,37,39,38,Low
4,66,4,1,5.5,69,72,42,67,85,77,Medium
1,15,6,7,7.9,70,40,42,49,43,68,Low
1,53,3,1,6.1,70,85,35,86,75,68,Medium
7,44,5,14,7.5,100,79,42,100,74,42,Medium
7,21,5,10,7.3,91,99,40,53,99,67,Medium
2,32,1,7,5.6,86,92,62,51,83,64,Medium
4,24,5,6,6.0,74,40,49,50,68,75,Low
6,61,4,9,8.4,90,76,44,50,63,99,Medium
5,47,5,1,5.5,61,38,100,67,69,83,Medium
4,21,2,12,6.9,80,91,66,91,39,84,Medium
8,52,5,7,7.4,94,94,54,87,97,96,High
4,67,1,11,8.0,75,54,37,68,97,88,Medium
2,26,5,6,7.1,74,87,42,84,86,91,Medium
6,69,6,7,7.3,89,46,51,62,78,88,Medium
2,63,1,4,7.3,72,80,89,80,92,82,High
1,25,2,12,5.4,94,95,50,47,58,39,Low
4,44,6,3,8.7,69,42,75,92,60,72,Medium
3,30,2,3,8.9,60,75,49,80,93,90,Medium
8,61,5,10,7.8,69,92,83,68,65,91,Medium
5,44,5,8,6.2,66,67,87,71,63,71,Medium
3,38,3,5,7.3,90,69,65,78,69,77,Medium
2,25,3,10,5.2,81,50,76,44,47,97,Medium
7,28,4,3,8.9,91,37,70,95,57,99,Medium
6,55,3,8,8.4,79,68,88,53,64,60,Medium
7,24,6,4,7.1,91,48,80,62,58,47,Low
2,41,6,15,6.3,99,84,70,63,40,97,Medium
7,68,4,8,7.5,61,37,74,88,64,56,Medium
1,47,6,6,8.0,87,39,39,98,50,45,Low
4,22,4,9,5.5,94,91,92,85,72,42,Medium
3,55,2,2,8.2,80,52,53,81,60,53,Low
6,46,6,1,6.3,72,67,44,42,58,36,Low
1,43,3,13,8.1,87,84,60,95,36,44,Medium
7,57,2,7,7.2,62,83,94,54,61,53,Medium
6,65,1,3,7.9,99,85,97,72,67,41,Medium
6,36,2,14,7.7,93,64,93,84,53,46,Medium
7,62,4,6,7.9,94,96,91,39,58,80,Medium
2,28,4,4,5.4,64,96,77,35,77,61,Medium
1,66,4,5,7.1,93,47,53,90,70,53,Medium
8,31,1,4,5.2,86,86,46,44,35,93,Medium
8,34,3,13,5.7,74,92,73,42,71,54,Medium
8,23,3,14,7.4,97,61,72,94,49,49,Medium
8,22,6,5,5.9,67,55,37,35,73,49,Low
3,54,3,14,8.3,87,43,78,98,76,66,Medium
8,68,2,14,5.6,65,58,83,71,66,71,Medium
6,32,1,8,5.9,87,77,64,97,51,40,Medium
3,26,1,5,6.9,98,55,95,60,51,48,Medium
5,57,1,2,5.7,80,74,38,52,58,72,Low
1,68,1,3,6.2,66,69,75,75,71,63,Medium
4,26,1,1,8.9,82,41,49,83,82,66,Medium
1,19,3,15,8.5,71,35,36,44,85,91,Low
6,40,1,4,8.1,84,91,36,76,63,92,Medium
5,33,4,13,7.9,82,99,88,71,69,82,High
7,22,4,11,6.4,99,43,70,70,77,80,Medium
6,51,3,1,8.6,97,95,84,38,88,53,Medium
3,61,1,2,5.2,69,100,76,94,72,79,High
6,16,4,6,8.9,81,88,36,69,89,38,Medium
1,53,4,5,6.7,74,54,88,40,88,67,Medium
2,46,5,14,6.6,90,45,41,45,40,58,Low
7,52,4,2,6.8,90,39,70,60,66,70,Medium
2,49,3,2,5.7,94,60,62,81,45,84,Medium
7,59,6,11,6.7,98,62,38,44,51,98,Low
6,24,3,7,5.3,65,97,54,66,64,49,Medium
5,32,6,13,6.8,70,37,96,58,41,49,Low
1,62,2,3,8.6,80,91,71,97,71,39,Medium
3,19,4,8,6.2,82,46,89,71,55,93,Medium
4,39,6,1,6.5,67,47,46,75,56,64,Low
5,49,4,5,6.3,69,39,68,81,52,75,Medium
2,50,2,6,6.8,70,41,51,60,41,60,Low
8,44,6,15,7.3,84,80,75,57,52,80,Medium
6,64,6,1,8.7,97,37,36,100,90,76,Medium
8,52,4,9,7.5,72,65,56,93,65,48,Medium
8,19,6,4,5.5,96,50,99,61,70,66,Medium
5,35,1,4,6.6,90,80,74,80,88,49,Medium
2,34,2,7,8.0,89,44,99,95,70,69,Medium
5,20,2,7,5.1,67,49,68,39,82,46,Low
3,16,1,11,6.1,75,97,88,71,94,37,Medium
6,41,6,8,6.6,61,70,51,49,75,40,Low
8,25,4,15,7.0,64,73,59,36,53,78,Low
3,21,3,15,6.8,60,50,88,64,38,100,Medium
5,47,1,9,7.2,87,71,92,82,87,49,Medium
8,53,2,11,5.5,82,62,64,94,84,54,Medium
4,39,4,10,8.1,94,91,37,86,86,78,Medium
8,46,1,12,5.2,79,63,94,96,93,70,High
8,64,1,1,6.5,75,43,77,93,88,89,Medium
5,59,3,15,6.2,77,71,85,44,41,71,Medium
6,36,4,7,5.6,73,65,94,88,94,57,Medium
7,66,5,10,7.4,86,72,76,36,46,54,Low
4,70,1,14,7.1,79,70,91,53,86,57,Medium
6,65,3,7,5.5,67,67,100,66,56,90,Medium
2,62,2,13,5.5,80,63,73,70,49,66,Medium
2,54,5,14,7.5,68,46,89,70,65,38,Medium
3,56,2,1,6.7,71,52,85,94,40,70,Medium
7,56,3,14,5.7,81,59,92,53,94,42,Medium
6,16,6,12,6.8,66,37,72,35,68,36,Low
8,55,3,3,5.7,95,44,69,62,77,98,Medium
6,23,5,12,8.7,60,48,46,93,85,57,Medium
3,66,4,5,7.4,86,82,48,65,100,55,Medium
4,23,6,3,7.4,87,39,99,52,74,65,Medium
5,61,6,15,7.9,60,53,86,48,79,85,Medium
5,19,2,5,7.4,69,63,75,44,100,35,Medium
2,35,2,5,7.6,97,35,42,57,54,66,Low
5,56,2,1,6.3,66,49,98,43,44,74,Medium
4,26,6,11,8.6,76,49,78,92,88,67,Medium
8,62,2,7,7.7,96,81,62,63,75,65,Medium
8,18,2,13,7.2,80,46,53,65,41,43,Low
6,26,5,5,5.7,72,86,63,87,52,76,Medium
7,69,5,3,5.6,67,86,38,100,82,84,Medium
8,22,2,10,5.8,75,71,52,95,47,89,Medium
2,59,5,8,5.1,98,74,53,35,90,46,Low
4,62,3,9,7.2,78,70,43,75,78,94,Medium
2,47,2,1,8.0,81,58,40,73,70,72,Medium
2,19,6,10,5.1,63,99,79,92,54,56,Medium
4,57,1,15,5.9,88,87,37,60,45,58,Low
4,52,5,15,7.8,75,87,49,38,73,62,Medium
8,40,1,8,5.5,99,93,63,39,62,94,Medium
2,44,3,5,6.8,72,54,76,40,39,38,Low
5,69,5,13,8.3,98,63,44,85,48,89,Medium
5,16,2,3,7.5,98,37,54,86,80,35,Low
1,53,1,5,5.2,82,54,97,61,96,87,Medium
5,32,2,7,5.4,100,43,52,94,73,84,Medium
8,70,6,5,8.1,96,62,62,48,57,58,Low
3,46,5,6,6.9,70,41,91,75,97,94,Medium
4,45,4,1,6.3,71,46,69,53,38,55,Low
5,53,2,6,6.3,66,38,86,72,64,75,Medium
4,34,5,12,6.8,73,88,99,91,58,95,High
2,65,2,1,5.3,62,99,77,63,85,35,Medium
5,30,1,15,7.6,77,54,49,58,84,73,Medium
2,63,3,5,8.8,72,46,71,52,71,56,Low
2,34,6,11,6.4,64,43,92,69,84,86,Medium
8,30,1,10,6.5,62,95,38,55,55,99,Medium
2,57,6,3,5.7,86,86,50,92,87,43,Medium
7,54,2,11,5.3,68,47,81,53,66,88,Medium
5,22,4,4,6.6,86,50,35,67,99,47,Low
1,49,3,10,5.0,73,42,71,73,76,77,Medium
4,70,5,4,8.6,77,58,97,36,98,60,Medium
4,22,5,3,7.3,61,70,95,75,63,43,Medium
2,30,2,4,7.3,77,60,92,71,75,66,Medium
2,43,1,6,8.4,68,58,80,36,89,74,Medium
4,52,2,9,6.1,76,43,94,86,63,65,Medium
8,68,6,13,7.3,73,95,62,72,87,54,Medium
7,58,2,6,8.6,75,52,45,35,70,70,Low
8,22,2,6,5.3,85,54,54,40,57,85,Low
8,61,1,10,6.1,66,67,61,94,80,36,Medium
1,52,6,4,7.0,83,72,79,81,67,60,Medium
6,49,2,3,7.2,86,90,81,89,91,90,High
2,21,3,2,6.6,61,37,95,87,99,87,High
4,61,1,3,8.4,99,83,57,65,69,71,Medium
2,49,5,7,6.2,74,65,56,39,84,49,Low
6,46,2,1,6.5,62,39,90,96,50,90,Medium
4,64,6,6,6.4,79,47,62,50,37,41,Low
5,63,5,2,6.7,97,67,37,61,78,41,Low
3,24,5,14,5.1,67,54,48,47,96,78,Medium
1,36,2,9,6.3,92,35,36,56,68,57,Low
3,48,4,9,5.9,100,45,41,97,43,75,Medium
4,68,2,6,6.7,68,78,72,35,57,85,Medium
5,59,6,13,7.4,96,61,80,35,60,62,Low
2,69,1,15,5.2,65,57,48,58,96,47,Medium
1,68,4,4,8.2,60,67,63,92,88,63,Medium
4,52,4,4,5.4,88,49,82,51,72,87,Medium
4,30,1,1,8.4,62,58,88,63,95,66,Medium
3,42,1,10,6.7,72,69,95,66,61,45,Medium
6,57,5,8,7.8,98,89,85,52,35,55,Medium
6,34,4,9,5.8,93,95,38,58,64,75,Medium
5,42,1,7,7.7,93,91,76,43,94,51,Medium
5,26,4,14,8.2,92,100,88,85,67,73,High
2,19,1,15,7.0,78,83,47,35,41,78,Low
5,21,5,13,8.4,70,89,84,89,91,96,High
1,26,5,12,8.1,77,52,35,68,64,68,Low
1,28,4,7,7.1,93,55,86,71,36,78,Medium
3,64,6,10,5.2,100,70,93,58,75,39,Medium
4,63,4,6,5.2,98,98,53,84,97,72,High
7,54,4,4,7.2,62,63,89,64,44,54,Medium
1,56,6,4,8.8,60,41,53,97,98,59,Medium
4,42,1,3,7.0,69,43,83,79,62,92,Medium
8,66,5,13,6.5,82,42,96,65,35,67,Medium
2,65,3,11,6.7,86,68,42,80,94,62,Medium
7,57,6,4,6.8,98,69,87,42,59,89,Medium
4,58,2,7,7.3,61,95,73,71,98,77,High
4,66,3,2,7.9,81,82,52,39,62,95,Medium
5,37,5,3,7.2,75,56,93,46,91,86,Medium
7,24,1,10,6.5,91,58,49,91,42,67,Medium
8,45,1,2,5.8,70,85,55,43,65,88,Medium
1,52,1,14,7.7,100,65,66,74,75,89,Medium
1,63,3,2,8.3,78,92,72,54,89,91,Medium
8,46,3,14,6.8,67,75,48,49,83,44,Low
2,54,2,14,8.2,100,51,57,64,67,86,Medium
5,37,2,6,5.7,61,35,63,72,94,81,Medium
3,55,6,3,8.9,88,82,78,100,55,99,High
4,44,6,4,8.2,100,58,89,82,53,67,Medium
2,38,2,5,7.7,72,71,89,63,43,38,Medium
3,32,2,6,6.0,100,96,49,72,89,80,Medium
4,41,6,15,6.5,79,90,46,44,52,46,Low
2,50,6,8,8.5,74,61,93,38,54,91,Medium
1,39,6,5,7.6,70,35,84,63,41,86,Medium
7,50,1,9,6.9,77,40,98,84,61,47,Medium
8,27,3,4,6.5,97,63,44,46,57,51,Low
6,60,5,8,5.6,87,56,59,77,96,97,Medium
3,24,3,4,6.5,97,74,35,57,45,68,Low
4,59,3,15,8.0,79,86,55,67,64,69,Medium
2,32,3,11,8.9,69,91,97,44,36,83,Medium
2,44,3,10,7.4,62,51,47,75,68,67,Medium
6,44,2,13,8.1,82,48,42,41,83,68,Low
1,47,6,10,6.4,93,36,56,82,56,89,Medium
4,35,1,1,7.7,80,37,69,61,85,56,Medium
4,33,1,4,5.6,92,35,69,53,57,94,Medium
6,19,4,11,5.1,87,92,58,46,60,71,Medium
7,42,2,1,7.1,100,67,44,70,80,44,Medium
6,43,5,14,5.9,98,77,92,41,47,80,Medium
2,19,5,4,5.8,98,84,44,41,91,72,Medium
6,69,1,12,5.3,89,52,66,99,51,56,Medium
3,40,5,10,6.4,97,51,68,39,92,86,Medium
3,32,2,14,7.1,98,67,54,95,60,72,Medium
2,54,6,9,5.6,98,41,38,69,76,47,Low
6,65,5,9,7.3,70,85,78,82,69,52,Medium
1,54,2,8,7.1,86,89,54,83,75,79,Medium
5,23,1,6,8.4,72,72,94,96,71,96,High
1,60,3,14,8.7,60,69,87,47,93,49,Medium
6,65,2,5,7.3,72,86,60,56,88,61,Medium
7,16,5,10,6.1,89,94,64,53,45,63,Medium
7,59,5,7,6.3,88,87,85,70,98,55,Medium
8,44,4,14,6.2,68,57,97,82,42,46,Medium
4,55,6,11,7.9,67,35,80,81,42,57,Low
1,41,3,10,8.5,85,53,93,69,37,46,Low
6,35,3,14,7.1,76,88,36,73,53,41,Low
3,57,2,2,7.2,66,39,49,72,57,42,Low
4,32,2,9,5.2,80,100,75,47,68,50,Medium
2,24,2,15,5.3,79,85,69,74,90,50,Medium
6,38,6,12,7.4,79,68,94,54,58,81,Medium
5,61,2,8,5.6,99,71,86,42,92,49,Medium
3,20,2,8,5.2,76,64,64,49,37,53,Low
2,39,3,13,5.0,93,37,92,68,43,88,Medium
7,48,5,15,8.4,90,47,56,52,92,79,Medium
6,23,2,13,8.2,65,39,55,78,59,56,Low
3,17,4,13,8.1,89,67,68,99,76,77,Medium
3,53,1,4,7.3,98,77,88,84,76,74,Medium
7,16,3,10,8.2,65,78,73,68,63,85,Medium
4,24,3,4,6.8,80,91,42,76,70,51,Medium
1,48,2,6,5.6,76,64,64,86,43,52,Medium
8,54,1,5,5.1,86,99,49,90,93,55,Medium
7,17,2,8,8.5,65,47,38,59,92,44,Low
6,49,3,8,6.6,84,65,48,88,68,97,Medium
3,33,2,12,6.9,73,76,51,55,82,82,Medium
3,69,4,10,6.3,74,56,67,72,86,55,Medium
8,40,3,9,8.4,86,64,78,95,64,79,Medium
5,39,5,2,6.6,65,44,89,46,79,47,Medium
8,68,2,14,7.4,71,43,66,91,91,40,Medium
4,64,5,7,6.5,99,98,98,100,66,43,High
3,26,4,7,7.9,64,55,59,75,69,82,Medium
1,41,6,15,7.3,86,50,65,94,93,63,Medium
8,57,2,13,7.8,90,54,89,49,61,71,Medium
7,43,6,12,5.5,77,61,50,87,74,86,Medium
4,30,5,8,7.1,94,46,45,55,73,40,Low
5,33,1,12,6.9,92,54,35,98,77,87,Medium
8,24,4,1,6.4,84,62,58,74,90,98,Medium
5,31,6,10,7.0,99,89,65,79,79,56,Medium
6,29,6,6,8.9,83,51,56,98,51,42,Low
8,29,3,6,6.8,95,99,64,68,60,76,Medium
8,58,5,12,6.4,65,99,92,95,35,92,High
4,37,6,10,8.8,75,72,96,59,76,79,Medium
4,22,1,15,7.2,76,49,61,98,96,86,Medium
1,22,4,8,5.9,100,86,50,79,42,70,Medium
6,29,5,1,8.0,92,52,95,39,40,57,Low
5,27,1,10,5.8,78,64,56,57,59,56,Low
4,22,2,2,8.8,99,60,71,91,96,90,High
7,34,4,6,8.1,95,52,43,44,44,85,Low
1,16,3,4,8.9,84,48,42,47,98,99,Medium
5,42,3,14,5.6,68,86,63,88,80,63,Medium
8,42,2,10,5.6,89,81,77,42,86,92,Medium
5,63,6,4,5.5,83,77,99,71,82,40,Medium
6,69,4,6,5.5,91,85,50,79,95,55,Medium
6,49,2,14,6.9,93,93,56,85,77,68,Medium
4,42,1,9,5.7,99,81,50,36,85,57,Medium
1,64,4,15,6.3,67,86,85,64,69,74,Medium
1,61,3,1,5.2,98,87,59,82,90,49,Medium
5,56,3,2,5.4,64,92,39,100,69,97,Medium
2,25,4,8,5.2,88,69,44,92,99,42,Medium
8,40,3,10,5.5,87,98,52,67,82,39,Medium
4,63,6,6,5.7,85,96,81,46,65,37,Medium
2,59,1,9,7.3,87,51,60,54,53,57,Low
6,39,2,5,8.7,80,99,39,64,91,80,Medium
5,52,3,11,8.5,84,85,65,81,92,37,Medium
7,30,6,10,8.5,89,98,69,69,67,88,Medium
7,47,5,13,8.3,96,46,35,89,92,41,Medium
8,15,4,8,5.3,91,96,93,81,53,42,Medium
7,18,3,14,8.2,88,46,45,92,92,76,Medium
5,17,1,1,7.8,76,52,54,76,83,60,Medium
1,56,5,1,7.6,89,54,75,52,53,54,Low
7,49,5,8,5.5,61,92,42,81,54,39,Medium
7,32,2,11,7.9,87,45,74,79,83,74,Medium
3,51,3,13,5.0,70,43,86,55,96,82,Medium
1,67,5,15,7.8,92,85,72,84,64,67,Medium
8,31,2,15,8.9,72,54,43,99,45,96,Medium
8,15,1,3,5.6,69,74,38,68,48,84,Medium
7,28,6,15,7.3,97,99,65,73,45,44,Medium
5,33,3,13,5.6,65,94,82,53,92,58,Medium
7,39,5,7,7.9,62,97,96,98,64,90,High
1,44,1,10,6.3,69,75,89,47,91,75,Medium
7,16,5,15,7.2,72,43,68,59,69,69,Medium
7,55,1,6,6.4,86,90,43,39,99,87,Medium
3,29,2,8,6.8,90,77,41,81,72,95,Medium
7,70,5,6,7.9,73,59,37,59,38,54,Low
1,20,4,5,5.3,63,77,89,98,43,36,Medium
1,38,5,14,6.9,77,61,81,54,44,61,Medium
6,49,3,7,8.1,63,69,82,40,98,75,Medium
4,16,1,4,5.2,72,58,80,67,90,74,Medium
3,39,6,5,8.4,70,85,84,92,70,91,High
6,57,2,15,7.9,100,79,49,89,70,63,Medium
1,40,3,5,8.8,95,93,72,67,92,96,High
1,38,1,2,6.5,73,100,70,57,55,48,Medium
3,63,2,14,5.5,92,92,50,61,92,66,Medium
4,46,1,10,9.0,69,69,58,87,40,66,Medium
1,56,5,7,7.9,86,86,75,61,60,71,Medium
1,48,1,2,5.4,78,91,46,81,59,73,Medium
8,17,6,7,8.0,60,52,85,65,54,70,Medium
8,36,3,6,8.4,98,55,46,67,61,46,Low
5,47,5,11,8.2,85,68,83,94,71,100,High
3,19,4,6,5.9,73,56,58,57,58,68,Low
4,55,1,1,5.0,68,92,41,96,47,94,Medium
5,69,6,10,7.4,92,76,95,95,84,69,High
5,59,5,3,8.9,66,67,75,92,89,80,High
6,45,6,12,7.2,89,40,36,35,79,42,Low
3,24,2,5,8.5,76,72,79,78,91,40,Medium
7,64,3,9,5.3,65,38,54,38,53,57,Low
3,47,1,7,7.0,76,47,39,68,38,39,Low
3,27,5,15,5.9,87,82,73,35,66,64,Medium
7,38,3,4,6.2,73,71,82,42,86,46,Medium
7,31,5,15,7.6,81,77,73,99,63,100,High
8,54,2,11,8.2,86,57,46,69,39,62,Low
7,47,2,14,6.8,63,72,100,71,68,64,Medium
5,59,2,5,5.5,84,73,58,93,98,77,Medium
4,42,6,9,7.9,95,45,90,98,88,72,Medium
